<?xml version="1.0" encoding="UTF-8"?>
<project-private xmlns="http://www.netbeans.org/ns/project-private/1">
    <editor-bookmarks xmlns="http://www.netbeans.org/ns/editor-bookmarks/2" lastBookmarkId="0"/>
    <open-files xmlns="http://www.netbeans.org/ns/projectui-open-files/2">
        <group>
            <file>file:/Users/anderson/Dropbox/Unicarioca/Graduacao/2017.1/Dist/Projetos/ServidorRMI01/src/RMIInterface/Numero.java</file>
            <file>file:/Users/anderson/Dropbox/Unicarioca/Graduacao/2017.1/Dist/Projetos/ServidorRMI01/src/servidorrmi01/ServidorRMI01.java</file>
            <file>file:/Users/anderson/Dropbox/Unicarioca/Graduacao/2017.1/Dist/Projetos/ServidorRMI01/src/RMIInterface/Operacoes.java</file>
        </group>
    </open-files>
</project-private>
