<?xml version="1.0" encoding="UTF-8"?>
<project-private xmlns="http://www.netbeans.org/ns/project-private/1">
    <editor-bookmarks xmlns="http://www.netbeans.org/ns/editor-bookmarks/2" lastBookmarkId="0"/>
    <open-files xmlns="http://www.netbeans.org/ns/projectui-open-files/2">
        <group>
            <file>file:/Users/anderson/Downloads/Thread1/src/thread1/Thread2.java</file>
            <file>file:/Users/anderson/Downloads/Thread1/src/thread1/Thread1.java</file>
            <file>file:/Users/anderson/Downloads/Thread1/src/thread1/Serial1.java</file>
            <file>file:/Users/anderson/Downloads/Thread1/src/thread1/ThreadSoma.java</file>
        </group>
    </open-files>
</project-private>
